{"cameraMode":{"drawMode":0,"name":"Shaded","section":"Shading Mode"},"sceneLighting":false,"audioPlay":false,"sceneViewState":{"m_AlwaysRefresh":false,"showFog":false,"showSkybox":false,"showFlares":false,"showImageEffects":false,"showParticleSystems":false,"showVisualEffectGraphs":true,"m_FxEnabled":true},"in2DMode":false,"pivot":{"x":0.14329111576080323,"y":1.1464029550552369,"z":-1.1822525262832642},"rotation":{"x":0.0003662237722892314,"y":-0.9955430030822754,"z":0.09436026215553284,"w":0.003889012150466442},"size":3.148179531097412,"orthographic":false}