{"cameraMode":{"drawMode":0,"name":"Shaded","section":"Shading Mode"},"sceneLighting":true,"audioPlay":false,"sceneViewState":{"m_AlwaysRefresh":false,"showFog":true,"showSkybox":true,"showFlares":true,"showImageEffects":true,"showParticleSystems":true,"showVisualEffectGraphs":true,"m_FxEnabled":true},"in2DMode":false,"pivot":{"x":500.19061279296877,"y":-98.50316619873047,"z":0.34611499309539797},"rotation":{"x":-0.2508828938007355,"y":0.06090753152966499,"z":-0.015828246250748636,"w":-0.9659982919692993},"size":1.7643840312957764,"orthographic":false}